input_name,sponsor_level,input_description,queried_as,match_confidence,match_score,confidence_notes,matched_name,domain,website_url,linkedin_url,twitter_url,facebook_url,industry,estimated_num_employees,annual_revenue,founded_year,city,state,country,phone,short_description,keywords,technologies,total_funding,latest_funding_stage,latest_funding_date,apollo_id,error
Acelab,Silver Sponsor,The building products platform for architects. Acelab provides a data-driven workflow for product research and specification.,Acelab,medium,0.3,name:exact; class_mismatch: industry/keywords don't match description; desc_overlap:7,ACELAB,gabia.io,http://www.gabia.io,http://www.linkedin.com/company/acelab-ai,,,automotive,4,,2020,Seoul,,South Korea,,"ACELAB is a technology company based in New York, founded in 2019 or 2020 by a team of architects, including CEO Vardhan Mehta. The company focuses on improving the architecture and construction industry through its AI-powered platform, Materials Hub. This platform addresses inefficiencies in the building materials market by offering data-driven tools for architects, designers, and building professionals.

Materials Hub enables users to discover and compare building materials effectively. It interprets natural language queries to suggest suitable materials from a comprehensive database of over 100,000 products. The platform also facilitates collaboration among teams and integrates with design software like Revit, streamlining workflows. With over 20,000 architecture and design firms using Materials Hub, including many of the top firms in the U.S., ACELAB is committed to enhancing material selection and specification processes for better project outcomes.",machine learning; planning; localization; self driving; autonomous driving; adas; autonomous driving integration; control; ai; motor vehicle manufacturing; artificial intelligence; information technology & services; automotive,AI; Basis; Deel; DoubleClick; DoubleClick Conversion; Gmail; Google Apps; Google Cloud Hosting; Google Dynamic Remarketing; Google Tag Manager; Mobile Friendly; Remote; Shutterstock; Varnish; Wix,,,,60a3a23835284100a4564fd7,
Advance2000,Exhibitor,"Specializes in IT cloud solutions for the AEC industry, including virtual desktops, high-performance computing, and project collaboration.",Advance2000,high,0.8,"name:exact; class_overlap:3 (cloud,computing,virtual); desc_overlap:4",Advance2000,advance2000.com,http://www.advance2000.com,http://www.linkedin.com/company/advance2000,https://twitter.com/Advance2000,https://facebook.com/Advance2000,information technology & services,200,35800000.0,1992,Buffalo,New York,United States,+1 800-238-2621,"Advance2000 is a privately-held Managed Security Service Provider and full-service IT engineering firm founded in 1989. Based in Amherst, New York, with operations in Rochester, Pittsburgh, and Toronto, the company specializes in high-performance private cloud computing solutions. With over three decades of experience, Advance2000 serves more than 3,000 customers, ranging from small businesses to large enterprises.

The company offers a wide array of IT solutions, including managed security services, IT strategy and audit services, business continuity, and 24/7 help desk support. Their flagship product, Advance2000 Private Cloud Computing, features a proprietary platform designed for speed, stability, and security, with data stored in US-based datacenters. Advance2000 is committed to client-first service, guided by core values of teamwork, trust, and transparency. They maintain a strong customer satisfaction rating, reflecting their dedication to quality support and service.",outsourcing managed services; it strategy audit; video conferencing telepresence; video conferencing amp telepresence; ip telephony; private business bim cloud computing; 24 7 365 service desk; it strategy amp audit; outsourcing amp managed services; datacenter services; data infrastructure; storage systems; virtualization; it teaming; it services & it consulting; modules; virtual host management; environment variables; a2dismod; custom virtual hosts; apache2; a2disconf; configuration files; document root; bug reporting,Apache; Barracuda Networks; Bluekai; Bootstrap Framework; Google Cloud Hosting; Google Tag Manager; Linkedin Marketing Solutions; LiveChat; Mobile Friendly; Remote; Slack; Sophos; Twitter Advertising; Woo Commerce; WordPress.org; YouTube; reCAPTCHA,,,,54a13bef69702d048653cb01,
"aec+tech, AI in AEC and Neostack",Exhibitor,"A community and platform showcasing the latest technology, AI innovations, and startups transforming the AEC industry.",aec+tech,high,0.76,"name:exact; class_overlap:2 (aec,technology); desc_overlap:5",aec+tech,aecplustech.com,http://www.aecplustech.com,http://www.linkedin.com/company/aec-plus-tech,,,information technology & services,4,,2021,San Francisco,California,United States,,"aec+tech is a platform designed for the Architecture, Engineering, and Construction (AEC) industry. It serves as a directory and resource hub, showcasing the latest software tools, automation products, and construction technologies. The platform aims to help AEC professionals stay informed and competitive by highlighting innovations in development, construction, and design.

Users can explore over 542 tools across various categories, including architecture software, engineering automation products, and construction technology solutions. Notable offerings include AI-driven blueprint generators and firm management platforms for project management and resource tracking. The platform also features articles and interviews that discuss industry innovations and trends, promoting a commitment to sustainability and efficiency in AEC practices.","technology, information & internet; ai in aec; construction; aec tools comparison; generative design; b2b; building information modeling; project management; workflow automation; construction technology; real-time model checking; custom web apps for engineers; energy efficiency tools; data security; digital construction solutions; sustainability tools; cloud collaboration platforms; services; energy modeling software; bim tools; project management software; consulting; construction automation; architectural services; engineering",AI; Gmail; Google Apps; Google Tag Manager; Hotjar; Mobile Friendly; Remote; Route 53; Slack; Vercel; Vimeo; Wistia; YouTube,,,,60b1dc3c8666c40001fad8e6,
"aec+tech, AI in AEC and Neostack",Exhibitor,"A community and platform showcasing the latest technology, AI innovations, and startups transforming the AEC industry.",AI in AEC,high,0.64,"name:exact; class_overlap:2 (aec,technology); desc_overlap:2",AI in AEC,aiinaec.com,http://www.aiinaec.com,http://www.linkedin.com/company/aiinaec,,,information technology & services,4,,2024,Zagreb,,Croatia,,"AI in AEC is a professional services firm focused on integrating artificial intelligence into the Architecture, Engineering, and Construction (AEC) industry. The company aims to empower AEC professionals by providing AI-driven tools, training, and solutions tailored to their specific needs. Their mission is to equip experts with the knowledge and resources to leverage AI, fostering innovation and efficiency within the sector.

The firm offers a variety of services, including AIA certified training courses, consulting for AI integration, and comprehensive implementation support. They assist AEC firms in developing AI adoption plans, conducting technology audits, and mapping workflows to identify areas for improvement. Additionally, AI in AEC shares insights and thought leadership through platforms like LinkedIn and maintains the AEC AI Hub to promote knowledge sharing in the industry.","construction; artificial intelligence; architecture; bim; ai; buildinginformationmodelling; engineering; informationtechnology; technology, information & internet; ai for asset management; ai tools database; ai use cases; ai education platform; ai for construction safety; ai for structural analysis; b2b; information technology; ai for construction cost estimation; computer systems design and related services; ai for construction documentation; ai for construction site management; ai for project scheduling; ai training for architects; ai data integration; ai tool comparison","CloudFlare Hosting; Cloudflare DNS; Google Font API; Google Tag Manager; Microsoft Office 365; Mobile Friendly; Outlook; Ruby On Rails; Square, Inc.; Wistia; YouTube",,,,65cc6641cc8f1c06e3b4314f,
"aec+tech, AI in AEC and Neostack",Exhibitor,"A community and platform showcasing the latest technology, AI innovations, and startups transforming the AEC industry.",Neostack,high,0.64,"name:exact; class_overlap:3 (community,startups,technology)",neostack,neostack.com,http://www.neostack.com,http://www.linkedin.com/company/neostack,,,information technology & services,3,,2018,Bengaluru,Karnataka,India,+91 93942 80308,"We are experts in react, and react-native.
We offer various services like training, consulting and development",software development; nodejs; digital solutions; graphql; project management; system integration; react day events india; services; web application development; react community bangalore; product development; community react bangalore; react native; tech innovation; newsletter subscription; computer systems design and related services; node.js backend; application development services; custom app solutions; react and node.js integration; mobile app development; software consulting; data analytics; software engineering; graphql api services,AI; Active Campaign; Amazon AWS; AngularJS; Bootstrap Framework; Facebook Custom Audiences; Facebook Login (Connect); Facebook Widget; Gmail; Google AdSense; Google Analytics; Google Apps; Google Font API; Google Tag Manager; MailChimp; Mobile Friendly; Route 53; Ruby On Rails; Slack; Squarespace ECommerce; Stripe; Typekit; Vercel; Wix; WordPress.org; YouTube; reCAPTCHA,,,,5a9cffd5a6da98d98c68264a,
AkitaBox,Silver Sponsor,Facility management software that automates maintenance and improves capital planning through location-based data and automated workflows.,AkitaBox,high,1.0,"name:exact; class_overlap:8 (automated,capital,data,facility,maintenance); desc_overlap:5",AkitaBox,akitabox.com,http://www.akitabox.com,http://www.linkedin.com/company/akitabox,https://twitter.com/AkitaBox,https://www.facebook.com/akitabox,information technology & services,43,5000000.0,2015,Madison,Wisconsin,United States,+1 628-400-1778,"AkitaBox is a facility management software company based in Madison, Wisconsin, founded in 2015. The company provides cloud-based tools designed to assess, optimize, and manage building operations through data-driven insights. AkitaBox manages over 500 million square feet across various sectors, including education, healthcare, government, and commercial real estate.

The AkitaBox Pulse suite is a customizable platform that integrates multiple facility management functions. Key features include mobile facility condition assessments, asset management, capital management, work order and preventive maintenance, and tools for inspections and occupant experience. The platform aims to enhance operational excellence and compliance while supporting strategic alignment for owners, operators, and service providers. AkitaBox serves a diverse range of clients, including educational institutions and government entities, helping them streamline operations and improve efficiency.",facility management; facility maintenance; capital management software; facility management software; inspections software; facility software innovation; construction transition; preventive maintenance; cmms; facility condition assessment; asset tracking software; software; data collection; eam; work order optimization; facility information management; facility assessment software; iwms; preventative maintenance; locationbased information; enterprise software; saas; building owners; real estate; information technology,AI; Amazon AWS; Atlassian Cloud; Circle; Gmail; Google Apps; Hubspot; React; Remote; Route 53; Salesforce CRM Analytics; Sendgrid; Slack; Zendesk,1100000,Seed,2016-04-01T00:00:00.000+00:00,556d926c7369641271633501,
Aktion Associates,Silver Sponsor,"A national provider of industry-specific software and IT infrastructure solutions for the Architecture, Engineering, and Construction market.",Aktion Associates,low,,name:mismatch ('aktion legal partners' vs 'aktion associates'); class_mismatch: industry/keywords don't match description,AKTION LEGAL PARTNERS,aktionlegal.com,http://www.aktionlegal.com,http://www.linkedin.com/company/aktion-legal,https://twitter.com/AktionLegal,https://facebook.com/AktionAssociatesInc,law practice,26,65000000.0,2017,Valencia,Valencian Community,Spain,+34 963 92 64 26,"AKTION Legal Partners is a Spanish law firm established in 2017, focusing on legal services for startups, venture capital, investors, and growing businesses. With a team of 3 partners and 20 lawyers fluent in both Spanish and English, the firm has quickly gained recognition in Spain's venture capital and startup sectors. It aims to be an innovative legal partner, offering tailored strategies and expertise in technology integration for businesses in the entrepreneurial ecosystem.

The firm provides a wide range of legal and tax services, primarily in venture capital, mergers and acquisitions, corporate law, and tax advisory. AKTION assists clients with investment operations, fund-related services, complex corporate transactions, and general support for business growth. The firm is dedicated to helping new businesses establish themselves and existing ones expand, combining industry knowledge with a proactive approach to legal solutions.",blockchain; pacto de socios; stock options; phantom shares; nuevas tecnologias; ma; it ip; inversores; propriedad intelectual; equity; startups; derecho mercantil; venture capital; corporate law; derecho concursal; asesoramiento corporativo; legal for fintech; tax optimization; financial services; legal services; regulatory compliance; legal support; legal for digital assets; blockchain legal framework; offices of lawyers,AI; Acumatica; Apache; Bootstrap Framework; C#; Cisco Meraki MS; Deltek Vantagepoint; Deltek Vision; Google Font API; Google Tag Manager; Gravity Forms; Hubspot; Javascript; Microsoft 365; Microsoft Office 365; Microsoft SQL Server Reporting Services; Microsoft Teams; Mobile Friendly; Nginx; OneTrust; Outlook; Phocas Software; PowerBI Tiles; Remote; SAP Crystal Reports; SQL; Sage; Sage Intacct; Slack; SonicWall; TypeScript; Typeform; Typekit; Visio; Webex; Wistia; WordPress.org; Workable; YouTube,,,,5b8390fc324d441bf2a91e60,
Apryse,Silver Sponsor,"Provider of document processing technology, offering powerful SDKs for viewing, annotating, and editing PDFs and other documents in AEC workflows.",Apryse,high,1.0,"name:exact; class_overlap:7 (document,editing,processing,sdks,technology); desc_overlap:8",Apryse,apryse.com,http://www.apryse.com,http://www.linkedin.com/company/aprysesolutions,https://twitter.com/aprysesolutions,https://facebook.com/aprysesolutions,information technology & services,670,77600000.0,1998,Denver,Colorado,United States,+1 604-730-8989,"Apryse, formerly known as PDFTron, is a leading provider of document processing technology based in Denver, Colorado. Founded in 1998, the company offers a range of SDKs, pre-built components, and SaaS applications designed for creating, editing, converting, viewing, annotating, signing, merging, extracting, and classifying documents across various platforms. Apryse supports major file types, including PDF, MS Office, and CAD formats, and serves a diverse clientele, including over 85% of Fortune 100 companies.

The company specializes in innovative document solutions that facilitate digital transformation for developers, enterprises, startups, governments, and small businesses. Apryse's offerings include a comprehensive document SDK platform for server, mobile, and web environments, as well as end-user SaaS solutions like Xodo and eversign/XodoSign. With a focus on features such as dynamic viewing, data extraction, and electronic signatures, Apryse is committed to providing efficient and secure document handling for millions of users worldwide.",businessready enterprise document solutions; video sdk; pdf development toolkits; dynamic document generation; javascript pdf library; pdf sdk; html5 viewing; electronic document processing technology; mobile pdf libraries; universal document web viewer; redaction; software development; html support; document viewing; annotation; digital signatures; pdf security; security and reliability; signing sdk; innovation; esignature workflows; web sdk; legal; pdf/a validation; document comparison,AI; ASP.NET; AWS SDK for JavaScript; AdRoll; AddThis; Alteryx Machine Learning Cloud; Amazon AWS; Amazon CloudFront; Amazon SES; Android; Apple macOS; Bing Ads; Boomi; Bootstrap Framework; C#; C/C++; Cleverbridge; CloudFlare Hosting; Cloudflare DNS; Cufon; DoubleClick; DoubleClick Conversion; Foxit PDF SDK; Freshdesk; Gem; Google Ads; Google Analytics; Google Dynamic Remarketing; Google Font API; Google Maps; Google Marketing Platform; Google Play; Google Search Console; Google Tag Manager; Google translate API; Google translate widget; Hotjar; Javascript; Jest; Kiosked; Linkedin Marketing Solutions; Litera pdfDocs; MailJet; Marketo; Matomo; Micro; Microsoft Azure Hosting; Microsoft Office 365; Microsoft Windows Server 2012; Microsoft-IIS; Mobile Friendly; NetSuite; Nginx; Optimizely; Outlook; Paddle; Playwright; Postscript; Python; Remote; Route 53; Ruby On Rails; SES; Salesforce; Salesforce CPQ; Salesforce CRM Analytics; Salesforce Sales Cloud; Salesforce Service Cloud; Secured MVC Forum on Windows 2012 R2; Slack; TypeScript; Typekit; Ubuntu; Visual Website Optimizer; Xactly,71000000,Merger / Acquisition,2025-05-01T00:00:00.000+00:00,54a1bb2874686945fa21ea0b,
AVAIL,Exhibitor,"A content management platform that helps AEC firms find, organize, and manage digital assets like Revit families and AutoCAD files.",AVAIL,medium,0.56,name:exact; class_overlap:1 (management); desc_overlap:2,AVAIL,availlogistics.co.uk,http://www.availlogistics.co.uk,http://www.linkedin.com/company/availtech,http://twitter.com/@rentalutions,https://www.facebook.com/rentalutions,logistics & supply chain,16,,2017,Manchester,England,United Kingdom,+44 330 828 1375,"Avail Logistics Limited is a UK-based company focused on logistics recruitment, connecting businesses with HGV drivers and other logistics staff through technology-driven solutions. Founded in mid-2018 by two ex-military servicemen, the company became officially incorporated in March 2024. It operates under the SIC code for temporary employment agency activities and emphasizes technology, speed, transparency, and data-driven results to support UK transport and distribution businesses.

The company specializes in providing staffing services for temporary and flexible roles, including HGV drivers, warehouse operatives, and van drivers. Avail offers fast hiring solutions that help businesses reduce agency costs and improve shift fill rates. For drivers, it provides flexible job opportunities with fair pay and an easy-to-use app for finding shifts. Avail also partners with Exceed Outsourcing for payroll services and offers additional support like invoice finance and digital marketing to enhance business reach.","driver shortage; recruitment platform; hgv drivers; logistics; driver platform; haulage; transport solutions; transport; temporary work; hauliers; couriers; van drivers; owner drivers; saas; marketplaces; real estate; rental housing; consumer internet; enterprise software; information technology; internet; software; transportation, logistics, supply chain & storage; transportation; staff retention in logistics",AI; Apache; Circle; DigitalOcean; Facebook Custom Audiences; Facebook Login (Connect); Facebook Widget; Gmail; Google Apps; Google Font API; Google Tag Manager; Gravity Forms; Mobile Friendly; Remote; Shutterstock; Ubuntu; WordPress.org; reCAPTCHA,847587,Seed,2021-04-19T00:00:00.000+00:00,5da52d79df8d1e00014f3166,
BQE,Exhibitor,"Provider of BQE CORE, an integrated platform for project management, time tracking, billing, and accounting for professional services firms.",BQE,high,0.8,"name:partial ('bqe software' vs 'bqe'); class_overlap:9 (accounting,billing,firms,integrated,management); desc_overlap:10",BQE Software,bqe.com,http://www.bqe.com,http://www.linkedin.com/company/bqe-software,https://twitter.com/bqesoftware,https://www.facebook.com/bqesoftware/,information technology & services,330,54800000.0,1995,West Hollywood,California,United States,+1 310-602-4020,"BQE Software, based in Torrance, California, was founded in 1995 by architect Shafat Qazi and engineer David Breiholz. The company specializes in business management software tailored for professional services firms, particularly in architecture and engineering, as well as related fields like accounting and consulting. Over its 30-year history, BQE has developed cloud-based solutions to streamline operations and enhance efficiency for its users.

The flagship product, BQE CORE, is a comprehensive platform that centralizes time tracking, project management, accounting, and billing. It replaces the legacy BillQuick software and offers features such as real-time budget tracking, invoicing, and data-driven planning. BQE CORE is designed for A&E firms and has gained over 3,000 users, including notable clients like Eagle Engineering and Circular. The company emphasizes continuous improvement and customer feedback, ensuring that its solutions evolve to meet the needs of its users.",time tracking software; time billing software; project accounting software; hr management software; invoicing software; professional services automation; business management software; project management software; accounting software; software development; invoice processing; resource management; firm efficiency tools; integrated platform; client relationship management; professional services saas; project profitability management; architecture and engineering; data analytics; billing automation; project profitability; resource planning; user community; project accounting; automation tools,.NET; AI; API Gateway; ASG Zeke; ASP.NET; AWS CloudTrail; AWS Trusted Advisor; Amazon CloudWatch; Amazon EC2; Amazon S3; Amazon Virtual Private Cloud (Amazon VPC); Amplitude; BILL; C#; CSS; Campaign Monitor; Elasticsearch; Facebook Custom Audiences; Facebook Login (Connect); Facebook Widget; Git; Google AdWords Conversion; Google Analytics; Google Font API; Google Tag Manager; HTML5 Maker; Hubspot; Intercom; Javascript; Jira; Jira Service Management; Lambda Cloud; Linkedin Marketing Solutions; Logz.io; Microsoft Excel; Microsoft Office 365; Microsoft PowerShell; Microsoft SQL Server Reporting Services; Microsoft Sql Server; Microsoft.NET 5.0; Microsoft.NET Core 3.1; Mobile Friendly; Nevron Vision for SSRS; New Relic; OpenSearch; Outlook; Python; Rackspace MailGun; React; SQL; Salesforce; Sendgrid; Shutterstock; Slack; Typekit; Visual Website Optimizer; VueJS; Woo Commerce; WordPress.org; Zendesk; Zoomdata,,Debt Financing,2023-04-01T00:00:00.000+00:00,54a134c969702d2db47cc500,
Box,Exhibitor,Cloud content management and file sharing service that enables AEC firms to securely collaborate on large project files from anywhere.,Box,high,1.0,"name:exact; class_overlap:6 (cloud,content,file,management,project); desc_overlap:5",Box,box.com,http://www.box.com,http://www.linkedin.com/company/box,https://twitter.com/box,https://facebook.com/box,information technology & services,2900,1177253000.0,2005,Redwood City,California,United States,+1 877-729-4269,"Box, Inc. is a leading independent cloud content management platform that focuses on secure storage, sharing, collaboration, and workflow automation for enterprise content. Founded in 2005, Box transitioned from a consumer-focused service to an enterprise solution, emphasizing security and compliance. The company is headquartered in Redwood City, California, and has seen significant growth since its inception.

Box offers a SaaS platform that manages the full content lifecycle. Its features include cloud storage and file sharing, collaboration tools for real-time editing, and advanced security measures tailored for enterprises. The platform also supports integrations and automation through APIs, enhancing its functionality with features like AI and e-signatures. Box serves a variety of industries, including financial services, healthcare, media, technology, and government, catering to businesses of all sizes.","content cloud; file sharing; esign; business software; mobile enterprise security; cloud content management; collaboration; efss; enterprise content management; esignature; enterprise software; ftp replacement; content management; cloud computing; software; information technology; computer software: prepackaged software; technology; technology, information & internet; secure content sharing; user experience; content security policies; content compliance; content migration tools; b2b",6sense; AI; AMP; ANGEL LMS; AWS Analytics; AWS Marketplace; AWS Mobile SDK; AWS SDK for JavaScript; AWS Transfer for SFTP; AWS Trusted Advisor; Act!; Adobe After Effects; Adobe Experience Manager; Adobe InDesign; Adobe Marketing Cloud; Adobe Media Optimizer; Adobe Premiere Pro; Adobe Target; Adobe TestAndTarget; Agiloft Service Desk Suite; Airtable; Akamai Connected Cloud (formerly Linode); Amazon Associates; Amazon Linux 2; Amazon Managed Streaming for Apache Kafka (Amazon MSK); Amazon SES; Amazon Web Services (AWS); Android; Anthropic Claude; Apache Spark; Apple Pay; Apple macOS; Apttus; Argon CI/CD Security; Atlassian Cloud; AuditBoard; Azure Active Directory B2C; Azure Linux Virtual Machines; BASE; Bash; Blackline; Bluekai; Boomi; Box.net; Brightflag; C#; CSS; CallMiner Eureka; Canva; Canvas by Instructure; ChatGPT; Cisco Mobile Wireless Routers; Cisco WebEx Teams; Claude; CloudFlare CDN; Concur; Confluence; Conviva Operational Data Platform; Cornerstone On Demand; Coupa; Cucumber; Cursor; DATAflow; Databricks Data Intelligence Platform; Dell EMC IDPA; DemandBase; Django; Docker; DoubleClick; DoubleClick Conversion; Drift; Drupal; Duo; ELK Stack; Elastic Stack; Elasticsearch; FACTS; Facebook Signal; Figma; FlipHTML5; Flow; Forms on the Fly; Frame; Gem; Git; GitHub; GitHub Copilot; GitHub Enterprise; GitHub Hosting; Global Relay; Gmail; Google; Google Apps; Google Calendar; Google Cloud; Google Cloud BigQuery; Google Cloud BigTable; Google Cloud Data Fusion; Google Cloud Dataproc; Google Cloud Platform; Google Cloud Pub/Sub; Google Dynamic Remarketing; Google Identity Services APIs; Google Pay for Business; Google Tag Manager; Google Workspace; Grafana; GraphQL; Greenhouse; Guidewire; IBM ILOG CPLEX Optimization Studio; IBM InfoSphere Information Governance Catalog (IGC); IBM Security Identity Governance and Intelligence; IDC; Informatica Test Data Management; Istio; JWT; Javascript; Jenkins; Jest; Jira; Kandji; Kantata; Kiosked; Kotlin; Kubernetes; Kyriba; LangG,,,,54a1225269702da425362703,
Creative ITC,Exhibitor,Global cloud services provider specializing in high-performance virtual workstation solutions (VDI) tailored for graphics-intensive AEC applications.,Creative ITC,high,1.0,"name:exact; class_overlap:6 (aec,cloud,performance,vdi,virtual); desc_overlap:6",Creative ITC,creative-itc.com,http://www.creative-itc.com,http://www.linkedin.com/company/creative-itc,https://twitter.com/creative_itc,https://facebook.com/CreativeConsultingltd,information technology & services,170,23600000.0,2006,London,England,United Kingdom,+44 20 7682 2820,"Creative ITC is a London-based infrastructure and global cloud enablement company founded in 2006. The company specializes in designing and delivering managed services and cloud solutions across five continents. Its mission is to help clients accelerate innovation and achieve their business objectives through effective digital transformations.

Headquartered in London, Creative ITC employs around 156 people and generates approximately $38 million in revenue. The company offers a range of services, including cloud migration, managed services, and desktop solutions. Notably, it provides a purpose-built Virtual Desktop Infrastructure (VDI) for high-graphics users, supporting thousands of desktop users globally. Creative ITC also emphasizes proactive issue resolution and a hands-on culture, ensuring that client projects are treated with care and attention.

With partnerships that include major technology firms, Creative ITC delivers holistic solutions that address storage, compute, networking, and collaboration needs. The company is recognized as a leading provider in the Architecture, Engineering, and Construction (AEC) sector, supporting organizations of various sizes in their digital initiatives.",san; wan wlan; netapp; data management; business resilience; collaboration; patching; security; network; unified computing; data centre; vdi; construction; private cloud; networking lan; network security; microsoft; healthcare; flexpod & expresspod; aec; bim; innovation; 247365; virtualisation; unified communications,AI; Autotask; CloudFlare; CloudFlare Hosting; Cloudflare DNS; Datto RMM; Hubspot; IoT; Lansweeper; Microsoft Office 365; Outlook; Salesforce; Slack; Sophos; Vincere,220000,Venture (Round not Specified),2024-08-01T00:00:00.000+00:00,54a11efb69702d86b6f49801,
D5 Render,Exhibitor,A real-time ray tracing renderer that integrates with BIM/CAD software to provide high-quality architectural visualization and animation.,D5 Render,high,1.0,"name:exact; class_overlap:8 (animation,architectural,high,ray,real); desc_overlap:7",D5 Render,d5render.com,http://www.d5render.com,http://www.linkedin.com/company/d5render,,,information technology & services,350,8900000.0,,New York,New York,United States,,"D5 Render is a real-time 3D rendering software company based in Nanjing, China, founded in 2015. The company specializes in photorealistic visualization solutions for architecture, interior design, landscape design, and related creative industries. D5 Render focuses on enhancing real-time rendering through innovations in computer graphics, AI, and VR/AR concepts. Their flagship product, D5 Render, is an award-winning rendering engine that integrates with major modeling software, providing features like real-time path tracing, AI-powered tools, and a comprehensive asset library.

D5 Render serves various sectors, including architecture, engineering, and construction, streamlining design processes for faster iterations and improved client presentations. The company also offers a collaboration platform, D5 Render for Teams, which facilitates real-time edits and sharing among design teams. With a commitment to delivering high-quality visuals and efficient workflows, D5 Render is trusted by prominent firms like Aedas, SWA, BIG, and KPF.",modeling; visualization; architectural planning; interior design; landscape; rendering; planning; 3d; design; architecture; software development; multi-user collaboration; ai for city modeling; landscape architecture; ai style transfer; ai-enhanced material editing; ai for interior visualization; multi-software support; ai noise reduction; real-time rendering; animation creation; ai for product visualization; construction; sketchup plugin; ai auto atmosphere,AI; Adobe Photoshop; Android; Canva; Citrix NetScaler; CloudFlare; Cloudflare DNS; Facebook Custom Audiences; Facebook Login (Connect); Facebook Widget; Freshdesk; Gmail; Google Apps; Google Font API; Google Tag Manager; Mobile Friendly; Nginx; Outlook; Pardot; Remote; Render; Salesforce; Sendgrid; Slack; VueJS; Webflow; YouTube,,,,61eb9644298f5c00014d4da7,
Deltek,Gold Sponsor,"Global provider of enterprise software and information solutions for project-based businesses, including Ajera and Vantagepoint for AEC.",Deltek,low,0.2,name:partial ('deltek nordic' vs 'deltek'),Deltek Nordic,,,http://www.linkedin.com/company/deltek-norge-as,,,,,,1983,,,,,,,,,,,5fc9222340465f0001048178,
Egnyte,Gold Sponsor,Cloud content security and governance platform that provides secure file sharing and collaboration specifically designed for AEC project environments.,Egnyte,high,1.0,"name:exact; class_overlap:10 (cloud,collaboration,content,environments,file); desc_overlap:10",Egnyte,egnyte.com,http://www.egnyte.com,http://www.linkedin.com/company/egnyte,http://twitter.com/Egnyte,http://www.facebook.com/Egnyte,information technology & services,1300,100000000.0,2008,Mountain View,California,United States,+1 650-968-4018,"Egnyte is a cloud-based enterprise content management company founded in 2007 and headquartered in Mountain View, California. The company provides a unified cloud content governance platform designed for collaboration, data security, compliance, and threat prevention in multi-cloud environments. With a focus on reducing IT complexity and enhancing employee productivity, Egnyte serves over 17,000 organizations worldwide across various sectors, including Architecture, Engineering, and Construction (AEC), Life Sciences, Manufacturing, Travel and Tourism, and Space.

The platform features tools for seamless content sharing, protection against ransomware and IP theft, and solutions for regulatory compliance. Recent innovations include Project Hub, an AI-driven solution tailored for the AEC industry. Egnyte emphasizes a customer-centric culture and is committed to sustainable business practices, promoting Environmental, Social, and Governance (ESG) initiatives. The company has raised significant funding from notable investors and operates with a dedicated team of over 1,000 employees, trusted by IT leaders globally.",data intelligence; tech; business file sharing; gdpr; cloud; hybrid; data protection; cybersecurity; data compliance; efss; secure file sharing; online collaboration; cloud computing; storage; enterprise file services; online storage; mobile; iphone; file sharing; enterprise software; ios; information technology; software; software development; content security policies for iso 27001,A Small Orange; ABBYY FlexiCapture SDK; AI; ANGEL LMS; Acronis; Ad Astra; AddThis; Adobe Analytics; Amazon AWS; Amazon S3; Amazon SES; Amazon Virtual Private Cloud (Amazon VPC); Ansible; Atlassian Cloud; Azure Blob Storage; Backbone JS Library; Bing Ads; CSS; ChatGPT; Cisco Web Security Appliance S600v; Concur; Conga CPQ; Cvent; Dell EMC Disaster Recovery; DoubleClick; DoubleClick Conversion; DoubleClick Floodlight; Drift; Egnyte; Facebook Custom Audiences; Facebook Login (Connect); Facebook Widget; Fastly CDN; GC Digital; Gainsight; Gartner; Gem; Git; GitLab; Gmail; Gong; Google Analytics; Google Apps; Google Cloud; Google Cloud BigQuery; Google Cloud BigTable; Google Cloud Machine Learning Engine; Google Cloud SQL; Google Dynamic Remarketing; Google Tag Manager; Grafana; HTML5 Maker; Hotjar; Hugging Face; Jenkins; Kubernetes; Liferay DXP Cloud; Linkedin Marketing Solutions; Looker Studio; Marketo; Microsoft Clarity; Microsoft Office 365; Mobile Friendly; MongoDB; MySQL; NetSuite; Nginx; PostgreSQL; Productboard; Prometheus; Puppet; Python; React; Redux; Remote; Rubrik; SQL; SQLite; SWIFT; Salesforce; Salesforce CPQ; Salesforce Revenue Cloud; Salesforce Sales Cloud; Security; Sendgrid; Sizmek (MediaMind); Skilljar Customer Education Platform; Slack; Splash; Stripe; Tableau; Terraform; Twitter Advertising; Vimeo; Visual Website Optimizer; Vitess; Wasabi; Webflow; Xcode; Yahoo Ad Manager Plus; Yahoo Analytics; Zendesk; Zoomdata; dbt; webpack,137500000,Venture (Round not Specified),2025-02-01T00:00:00.000+00:00,54a1229a69702d8ed4323103,
Full Sail Partners,Exhibitor,A Deltek partner providing business consulting and technology solutions to help professional services firms optimize their Deltek software.,Full Sail Partners,high,1.0,"name:exact; class_overlap:5 (business,consulting,deltek,professional,technology); desc_overlap:8",Full Sail Partners,fullsailpartners.com,http://www.fullsailpartners.com,http://www.linkedin.com/company/full-sail-partners,https://twitter.com/reachfullsail,https://www.facebook.com/fullsailpartners,information technology & services,48,2100000.0,2012,Steamboat Springs,Colorado,United States,+1 888-552-5535,"Full Sail Partners is a Deltek Premier Partner and enterprise software provider based in Steamboat Springs, Colorado. With over 20 years of experience, the company specializes in technology services and business consulting for project-based professional services firms across various industries, including architecture, engineering, and construction. They focus on creating efficient business infrastructures through integrated ERP and CRM solutions, particularly Deltek Vantagepoint and Vision.

The company offers a range of client-focused services, including business consulting, system implementations, software training, and expert support. Full Sail Partners is known for its proprietary product, the Blackbox Connector, which integrates third-party software with Deltek systems, enhancing operational efficiency. Their tailored solutions aim to improve visibility and profitability for project-based organizations, helping clients optimize operations and manage growth effectively.",erp software; technology solutions; deltek vision application hosting; integration; outsourced accounting; accounting software; hr consulting; proposal automation; resource managment; crm; it services & it consulting; m&a analysis; transition services; b2b; project management tools; data architecture; system integration; cloud conversion; guidance and training; erp solutions; business intelligence; whitepapers; services; data migration; deltek upgrade services,Cufon; Deltek; Deltek Vantagepoint CRM; Deltek Vision; Google Analytics; Google Font API; Google Tag Manager; Hubspot; Mobile Friendly; Outlook; QuickBooks; Remote; Slack; WordPress.org,,,,54a23eea7468692e711ac719,
Hallian Technologies,Gold Sponsor,Specializes in advanced technology solutions and software integrations designed to streamline AEC business operations.,Hallian Technologies,medium,0.56,"name:exact; class_overlap:2 (business,technology)",Hallian Technologies,halliantech.com,http://www.halliantech.com,http://www.linkedin.com/company/hallian-technologies,,,information technology & services,2,,2021,Greenville,South Carolina,United States,+1 864-334-6105,"Hallian Technologies is an IT services and consulting company based in Greenville, South Carolina, founded in 2021. The company specializes in secure, enterprise-grade generative AI solutions that are installed on customer infrastructure. It serves industries such as engineering, construction, manufacturing, and higher education, focusing on privacy, control, and security.

The core product, HallianAI, acts as a centralized AI engine that integrates all organizational AI needs into a single, scalable platform. It allows for secure, on-premises deployment, ensuring that proprietary data remains under customer control. Hallian Technologies also offers a range of services, including AI assessments, training, data integration, and custom web and mobile solutions. The company positions itself as a comprehensive AI partner, providing end-to-end support from assessments to implementation, with a commitment to delivering meaningful results for its clients.",data engineering; business intelligence; data warehousing; artificial intelligence; application development; generative ai; it services & it consulting; b2b; ai for a/e firms; ai workflows and assistants; ai for manufacturing industry; data privacy; ai for construction; private cloud ai; ai workflow automation; consulting; ai platform; enterprise-grade security; ai model integration; ai integration; manufacturing; data connectors and warehousing; custom ai workflows; data sovereignty; ai for higher education,Cloudflare DNS; Google Cloud Hosting; Microsoft Office 365; Mobile Friendly; Outlook; Sendgrid; Varnish; Wix,,,,661e24752b0d840007da3204,
Harbor Compliance,Silver Sponsor,"Assists AEC firms with licensing, entity management, and regulatory compliance across multiple jurisdictions.",Harbor Compliance,high,1.0,"name:exact; class_overlap:5 (compliance,entity,licensing,management,regulatory); desc_overlap:5",Harbor Compliance,harborcompliance.com,http://www.harborcompliance.com,http://www.linkedin.com/company/harbor-compliance,https://twitter.com/mikemontali,https://www.facebook.com/HarborCompliance,information technology & services,170,8000000.0,2012,Lancaster,Pennsylvania,United States,+1 888-995-5895,"Harbor Compliance is an online legal technology company based in Lancaster, Pennsylvania, founded in 2012. The company specializes in compliance solutions for businesses and nonprofits across the United States. It offers a centralized platform for managing multistate compliance, including entity formation, government licensing, tax registration, and ongoing filings in over 22,000 jurisdictions.

The company provides three main service models: managed services, Software-as-a-Service (SaaS), and hybrid solutions, all powered by its Compliance Core technology. Key offerings include full lifecycle management for business formation, multistate tax registration, and a License Manager for tracking government licenses. Harbor Compliance also features a comprehensive software suite that centralizes data management and reduces risks associated with version control. With a client base of over 40,000, the company has demonstrated significant growth, achieving 258% revenue growth and expanding its services through the acquisition of Labyrinth, Inc. in 2022.",entity management; 501c nonprofit formations; registered agent; charitable solicitation registration & renewal; tax registrations & exemptions; nationwide registered agent service; certificates of authority; business compliance; business formation; incorporation services; 501 applications; nonprofit compliance; business licensing; annual reports; full lifecycle compliance solutions; corporate filings; cause marketing licensing; nonprofit incorporation; charitable solicitation registration; foreign qualification; entity management software; withdrawals & dissolutions; business licensing software; company records; startups,ANGEL LMS; Amazon Linux 2; Azure Active Directory; Bing Ads; Citrix; ClickUp; DoubleClick; DoubleClick Conversion; Excel4Apps; Facebook Custom Audiences; Facebook Login (Connect); Facebook Widget; Gmail; Google Apps; Google Dynamic Remarketing; Google Sheets; Google Tag Manager; Google Workspace; HELM; Hubspot; Jira; Kubernetes; Linkedin Marketing Solutions; MailChimp SPF; Microsoft Azure Hosting; Mobile Friendly; MouseFlow; NetSuite; New Relic; Nginx; OrCAD PSpice Designer; React; Remote; Rippling; Slack; Trustwave Seal; Wistia; WordPress.org; Zendesk,,Merger / Acquisition,2026-02-01T00:00:00.000+00:00,54a11e2569702d84c5aa4901,
Iconic BIM/Guardian,Exhibitor,"Provides Guardian, a Revit-specific add-in that protects project data integrity by preventing unapproved elements from entering models.",,,,,,,,,,,,,,,,,,,,,,,,,,no Apollo match
IES,Exhibitor,Integrated Environmental Solutions (IES) provides Virtual Environment (IESVE) software for integrated performance-based building analysis and digital twin tools.,IES,high,0.8,"name:partial ('ies ltd.' vs 'ies'); class_overlap:9 (analysis,building,digital,environment,environmental); desc_overlap:11",IES Ltd.,iesve.com,http://www.iesve.com,http://www.linkedin.com/company/ies-ltd-,https://twitter.com/IESVE,https://facebook.com/IESVE,information technology & services,310,20867000.0,1994,Glasgow,Scotland,United Kingdom,+44 141 945 8500,"IES Ltd. is a global climate tech company based in Glasgow, United Kingdom, specializing in software solutions and consultancy services aimed at decarbonizing the built environment. Founded in 1994, IES has become a leader in integrated performance-based analysis for buildings, employing approximately 528 people and generating annual revenue of $71.1 million. The company has significantly contributed to the performance improvement of over 1.5 million buildings worldwide.

The flagship product, IESVE (IES Virtual Environment), is an energy analysis and performance modeling software suite that offers tools for energy analysis, HVAC system design, daylighting analysis, and more. IES also provides digital twin solutions and real-time performance monitoring through its ICL product suite and IES Live. In addition to software, IES offers expert consultancy services to support architecture, engineering, and construction professionals. The company invests heavily in research and development, collaborating with industrial and academic partners to drive innovation in sustainable building practices.","retrofit; consultancy; masterplanning; green design software; training; r amp d; r d; realtime control; smart cities; technology, information & internet; collaborative design; performance updates; performance data; services; performance analysis for energy networks; performance-based analysis; energy efficiency tools; sustainable building design; performance reporting software; energy management; building optimization; retrofitting analysis; construction & real estate; performance validation; decarbonization",AI; Apache; Azure Analysis Services; Azure Devops; Azure Digital Twins; Azure Pipelines; ExactTarget; Facebook Custom Audiences; Facebook Login (Connect); Facebook Widget; Git; Google Font API; Google Tag Manager; Hotjar; Jira; Linkedin Marketing Solutions; Microsoft Application Insights; Microsoft Azure Hosting; Microsoft Azure Monitor; Mobile Friendly; Pardot; React; Remote; Sales Cloud Einstein; Salesforce; Sendgrid; Slack; Sophos; Teachable; Ubuntu; Vimeo; Woo Commerce; WordPress.org; ZoomInfo; reCAPTCHA,220000,Other,2017-01-01T00:00:00.000+00:00,54a25e4f7468693825fbab1d,
InspectMind AI,Exhibitor,An AI-powered tool designed to automate and streamline the building inspection process and report generation for AEC professionals.,InspectMind AI,high,1.0,"name:exact; class_overlap:5 (building,generation,inspection,powered,report); desc_overlap:6",InspectMind AI,inspectmind.ai,http://www.inspectmind.ai,http://www.linkedin.com/company/inspectmind-ai,,,information technology & services,6,,2024,San Francisco,California,United States,,"InspectMind AI is an innovative platform founded in 2023 by Aakash Prasad and Shuangling Yin, based in San Francisco, California. The company specializes in artificial intelligence solutions for inspection reporting and construction document review, primarily serving the architecture, engineering, and construction (AEC) sector, as well as manufacturing and aerospace industries.

The platform offers a range of AI-driven tools designed to automate inspection processes and enhance quality control. Key features include AI inspection report generation, which creates detailed reports from site visit data, and an AI agent that reviews construction drawings to identify issues such as dimension mismatches and code violations. Additional functionalities include inspection scheduling, real-time reporting, collaborative review tools, and data analytics. These tools aim to streamline workflows, reduce errors, and improve project efficiency across various construction and inspection-heavy projects.",software development; inspection automation; mobile inspection app; cloud data storage; ai construction diagnostics; report generation; construction site ai tools; construction management software; site condition assessment; construction project tracking; real-time data capture; construction quality assurance ai; field report automation; field report app; digital construction reports; automated defect detection; construction compliance monitoring; construction site ai platform; digital site reports; construction progress tracking; construction quality control; site inspection tools; digital field reports; construction project management; real-time reporting,AWS Analytics; CallMiner Eureka; CloudFlare Hosting; Cloudflare DNS; Gmail; Google Apps; Google Tag Manager; Linkedin Marketing Solutions; Mobile Friendly; Next.js; Sendgrid; WordPress.org,130000,Seed,2024-03-01T00:00:00.000+00:00,65a2ba66747e3304541bb048,
Joist AI,Gold Sponsor,An AI-powered platform for AEC marketing and business development teams to streamline proposal writing and data management.,Joist AI,high,1.0,"name:exact; class_overlap:7 (aec,data,development,management,marketing); desc_overlap:10",Joist AI,joist.ai,http://www.joist.ai,http://www.linkedin.com/company/joistai,https://twitter.com/JoistHQ,https://www.facebook.com/joistai,information technology & services,65,,2022,San Diego,California,United States,+1 346-286-4000,"Joist AI is an AI-powered platform designed for the Architecture, Engineering, and Construction (AEC) industry. It focuses on content enablement, sales enablement, and knowledge management, helping teams streamline proposal creation and automate workflows. The platform serves as a central repository for AEC firms, utilizing a contextual knowledge graph to organize and retrieve historic proposals, project data, and other essential documents from various sources.

The suite of features includes smart content retrieval, AI-assisted content generation, analytics tools, and workflow automation. Joist AI enhances collaboration across teams, supports compliance, and enables efficient management of the proposal lifecycle. It is scalable for firms of all sizes, providing quick onboarding and significant time savings. The platform is particularly beneficial for marketing and business development teams, principals, and operations managers in the AEC sector, facilitating the creation of compliant and competitive proposals.",software development; proposal compliance; ai in aec; consulting; marketing automation; content reuse; ai-powered proposal automation; proposal win rate; revenue operations; collaboration tools; content search; content management; content duplication prevention; proposal generation; content organization; construction & real estate; b2b; project management; proposal tracking; rfx response; content analytics; computer systems design and related services; proposal quality; customer engagement; institutional knowledge,AI; ANGEL LMS; AT&T; AWS Lambda; AWS Step Functions; AWS Trusted Advisor; Ad Astra; Adobe; Amazon CloudWatch; Amazon S3; Anthropic Claude; Azure Data Lake Storage; Cascade CMS; CloudFlare Hosting; Cloudflare DNS; Dell EMC Disaster Recovery; Fastapi; Frame; Gemini; GitHub; GitHub Actions; Gmail; Gong; Google AdWords Conversion; Google Apps; Google Tag Manager; GraphQL; Hubspot; Intercom; Jira; Lambda Cloud; Linear; Mobile Friendly; OpenAI; OpenSearch; Playwright; Pulumi; Python; REST; React; Route 53; SQL; Streamlit; Superset; Tableau; Terraform; Webflow; YouTube,,,,5fc8450ba73beb00014586ce,
Kinship,Exhibitor,A Revit content management and BIM analytics platform that helps firms organize their libraries and track how content is used.,Kinship,high,0.64,"name:exact; class_overlap:2 (analytics,management); desc_overlap:2",Kinship,kinship.com,http://www.kinship.com,http://www.linkedin.com/company/kinshipco,https://twitter.com/kinshipco,https://facebook.com/kinshipco,consumer services,210,37500000.0,2019,New York,New York,United States,+1 424-404-1331,"Kinship is a pet care platform and a division of Mars Petcare, established in 2019 and based in New York, NY. The company focuses on helping pet parents provide comprehensive care through a coalition of brands that offer integrated products, services, and digital tools.

Kinship's ecosystem includes Adopt-a-Pet, a platform for finding homes for homeless pets; The Wildest, a resource hub for pet care guidance; and The Kin, a mobile app that centralizes pet care management. The Kin app connects pet parents with quality service providers, allows for booking and record sharing of veterinary services, and offers personalized content to support pet health and wellness.

The mission of Kinship is to empower pet parents with data-driven solutions and resources, ensuring that pets receive high-quality care. The company aims to support a new generation of pet owners who seek convenient access to veterinary services, adoption resources, and expert guidance in pet care.",pet services; personal care; pet health management software; pet behavior training; pet care platform integration; pet care solutions; pet health records; nutrition; pet care platform; pet care community support; pet behavior analysis; pet wellness solutions; pet care industry trends; pet care industry leader; pet care industry support; pet care industry; pet wellness programs; pet care service management; pet behavior tips; pet health and behavior; pet industry innovation; training; pet care app; pet nutrition recipes; pet care industry growth,AI; Adobe Media Optimizer; Amazon AWS; Amazon CloudFront; Cedexis Radar; DoubleClick; DoubleClick Conversion; Facebook Custom Audiences; Facebook Login (Connect); Facebook Widget; Friendbuy; Gmail; Google Apps; Google Dynamic Remarketing; Google Play; Google Tag Manager; Greenhouse.io; MailChimp SPF; Mailchimp Mandrill; Microsoft Office 365; Mobile Friendly; New Relic; Optimizely; Outlook; Remote; Route 53; Salesforce; Sendgrid; Shutterstock; SkimLinks; Slack; Stripe; Vimeo; WordPress.org; YouTube; reCAPTCHA,,,,5cef042a04696a0bd835ebc7,
Knowledge Architecture,Platinum Sponsor,"Provider of Synthesis, an intranet platform designed specifically for AEC firms to help with knowledge management and employee engagement.",Knowledge Architecture,high,1.0,"name:exact; class_overlap:5 (aec,employee,intranet,knowledge,management); desc_overlap:8",Knowledge Architecture,knowledge-architecture.com,http://www.knowledge-architecture.com,http://www.linkedin.com/company/knowledge-architecture,https://twitter.com/karchitecture,https://facebook.com/kaconnect,information technology & services,11,,2009,San Francisco,California,United States,+1 415-523-0410,"Knowledge Architecture is a software company based in San Francisco, California, specializing in knowledge management solutions for the Architecture, Engineering, and Construction (AEC) industry. Founded in 2009, the company is privately held and employee-owned, serving over 160 AEC clients. Knowledge Architecture is dedicated to helping firms enhance their learning processes and develop more adaptable practices.

The company's flagship product, Synthesis, is a comprehensive platform designed specifically for the AEC sector. It functions as an intranet, learning management system, and AI-powered search solution. Synthesis allows firms to create a searchable knowledge base, provide on-demand learning opportunities, and discover employee skills. It also integrates with core software stacks like Deltek, Unanet, OpenAsset, Newforma, and Revit, while ensuring the security of intranet content. Knowledge Architecture also engages with the community through initiatives like the KA Connect annual conference, the Smarter by Design podcast, and the Smarter by Design newsletter.",software development; employee skills discovery; user experience design; data analytics; content creation tools; architecture & engineering; content blocks; community building; security and compliance; content curation; project management; knowledge sharing; ka connect; employee directory; content creation; information technology and services; responsive design; ai-powered search; firmwide knowledge; b2b; aec knowledge platform; software integration; secure data storage; aec industry; knowledge management software,AI; Android; Atlassian Cloud; Gmail; Google Analytics; Google Apps; Google Tag Manager; IoT; Linkedin Marketing Solutions; New Relic; Outlook; Remote; Salesforce; Sprig; Typekit; Vimeo; Zendesk,,,,556d3c4a736964124f17be00,
Mosaic,Gold Sponsor,Resource management and project planning software that integrates with ERP systems to help AEC firms optimize their workforce.,Mosaic,high,1.0,"name:exact; class_overlap:6 (erp,management,planning,project,resource); desc_overlap:6",Mosaic,mosaicapp.com,http://www.mosaicapp.com,http://www.linkedin.com/company/mosaicai,https://twitter.com/MosaicApp,https://www.facebook.com/MosaicAI/,information technology & services,190,,2020,New York,New York,United States,+1 212-597-9333,"Mosaic is an AI-powered resource management and professional services automation (PSA) software platform designed for professional services firms. It helps organizations efficiently plan projects, allocate resources, manage workloads, forecast demand, and improve profitability by replacing traditional spreadsheets and legacy tools. The platform integrates with existing financial software to provide real-time visibility into people, projects, budgets, and performance metrics.

Mosaic offers a suite of AI-driven tools that include resource allocation and planning, project management, forecasting, and budget tracking. Users benefit from features like drag-and-drop scheduling, automated task management, and visual dashboards that enhance decision-making. The platform also emphasizes ease of use with personalized onboarding, interactive training, and responsive customer support. Mosaic serves various industries, including architecture, engineering, consulting, and agencies, helping firms maximize efficiency and protect profits.",productivity & management applications; collaboration management; business management; scheduling; project management; team management; artificial intelligence; resource management; ai; resource planning; work management; planning software; capacity planning; software; resource allocation; small & medium businesses; productivity software; internet; deep information technology; information technology; software development; skill gap analysis; ai models; automated team assembly; project scope control,AI; Amazon AWS; Amazon SES; Appcues; Atlassian Cloud; Bing Ads; Cloudflare DNS; DoubleClick; DoubleClick Conversion; Drift; Facebook Custom Audiences; Facebook Login (Connect); Facebook Widget; Gmail; Google Analytics; Google Apps; Google Dynamic Remarketing; Google Play; Google Tag Manager; Hotjar; Linkedin Marketing Solutions; Mobile Friendly; React Redux; Route 53; Salesforce; Sendgrid; Slack; Stripe; Twitter Advertising; Visual Website Optimizer; Webflow; Wistia; WordPress.org,6800000,Convertible Note,2023-06-01T00:00:00.000+00:00,55f546a3f3e5bb6eac0028c6,
NetCov,Exhibitor,A managed IT services provider focused on cybersecurity and technology infrastructure for mid-sized architecture and engineering firms.,NetCov,high,0.76,"name:exact; class_overlap:3 (infrastructure,managed,technology); desc_overlap:3",NetCov,netcov.com,http://www.netcov.com,http://www.linkedin.com/company/network-coverage-inc-,,,information technology & services,350,,1996,Danvers,Massachusetts,United States,+1 888-675-8060,"NetCov is a managed IT service provider based in Danvers, Massachusetts, with 30 years of experience in delivering technology solutions. The company specializes in serving financial institutions, credit unions, nonprofits, and NGOs. With a team of over 350 technical staff, NetCov supports more than 50,000 users across 185 institutions.

The company offers a range of services, including managed IT services with 24/7 support, cybersecurity solutions, cloud services, compliance expertise, disaster recovery, IT consulting, and network security. NetCov emphasizes a ""People Before Tech"" philosophy, focusing on building strong client relationships and understanding their unique challenges. The company has received notable industry recognition, including being named the AWS Nonprofit Partner of the Year twice and ranking 55th in the Channel Futures MSP 501 for 2024.",desktop amp client support; data security management; website amp seo management; desktop client support; server management deployment; website seo management; data amp security management; business technology management; managed it services; networking infrastructure; cloud services; server management amp deployment; it services & it consulting; cloud computing; enterprise software; enterprises; computer software; information technology & services; b2b,AddThis; Apache; Atlas by Facebook; Autopilot; Avaya; Bitrix; Bootstrap Framework; CallRail; Cloudflare DNS; Django; Facebook Custom Audiences; Facebook Login (Connect); Facebook Widget; Google AdSense; Google Analytics; Google Font API; Google Maps; Google Tag Manager; Hubspot; Inspectlet; Jamf; MailChimp SPF; Media Temple DNS; Mobile Friendly; Outlook; Secured MVC Forum on Windows 2012 R2; Sendgrid; Shopify; Shutterstock; Slack; Squarespace ECommerce; TUNE; Typekit; Vimeo; Wix; Woo Commerce; WordPress.org; Yandex Metrica; YouTube; reCAPTCHA,,Venture (Round not Specified),2022-10-01T00:00:00.000+00:00,57c48d9ba6da98160dc226cc,
Newforma,Gold Sponsor,"Project information management (PIM) software that streamlines project communication, RFI tracking, and submittal workflows for AEC teams.",Newforma,high,1.0,"name:exact; class_overlap:8 (aec,communication,information,management,pim); desc_overlap:6",Newforma,newforma.com,http://www.newforma.com,http://www.linkedin.com/company/newforma-inc,http://twitter.com/Newforma,http://www.facebook.com/newformacareers,information technology & services,210,31900000.0,2003,Boston,Massachusetts,United States,+1 877-875-8252,"Newforma is a software company specializing in Project Information Management (PIM) and collaboration tools for the Architecture, Engineering, Construction, and Owner/Operator (AECO) industry. Founded in 2004, Newforma has developed solutions that enhance project delivery throughout the construction lifecycle, from design to completion. The company serves over 500,000 users across more than 1,500 firms and has supported approximately 16 million projects globally.

Newforma's flagship product, Newforma Project Center, launched in 2006, offers cloud-based and on-premise platforms tailored for AECO project management. Key features include comprehensive project information management, task assignment, workflow streamlining, and BIM collaboration tools like BIM Track. The company emphasizes customer-driven development and connected collaboration, aiming to improve project outcomes. Newforma operates from New Hampshire and fosters a culture of efficiency and innovation, with a commitment to supporting diverse workflows and enhancing communication within the industry.",building information modeling; issue tracking; construction design coordination; communication; openbim; collaboration; project information management; preconstruction; bim coordination; construction technology; pim; construction; architecture; engineering firms; building owners; real estate; software development; ifc project models; project communication; construction project digitalization; construction project management; digital twin for construction; project data exchange platform; project lifecycle management; construction workflow software,.NET; 6sense; ACL; AI; AMP; AWS Analytics; AWS Cloud Development Kit (AWS CDK); AWS CloudFormation; AWS CloudTrail; AWS CodePipeline; AWS Glue Data Catalog; AWS Key Management Service (KMS); AWS PrivateLink; AWS Secrets Manager; AWS Security Hub; AWS Step Functions; AWS Trusted Advisor; Amazon CloudFront; Amazon CloudWatch; Amazon DynamoDB; Amazon EKS Anywhere; Amazon EventBridge; Amazon GuardDuty; Amazon Kinesis; Amazon Managed Streaming for Apache Kafka (Amazon MSK); Amazon QuickSight; Amazon S3; Amazon SES; Amazon Simple Queue Service (SQS); Asana; Athena; Atlassian Cloud; Autodesk BIM Collaborate; Azure Analysis Services; Azure Pipelines; Bynder; Connect; Construct; Docker; ECS; ELK Stack; Excel4Apps; GitHub Actions; GoToMeeting; Google AdWords Conversion; Google Tag Manager; Google VPC Service Controls; Grafana; Hubspot; Jenkins; Jira; Kubernetes; Lambda Cloud; Lever; LinkedIn Ads; Looker; Marketo; Media Temple SSL; Microsoft 365; Microsoft Azure Monitor; Microsoft Defender for Cloud; Microsoft Entra ID; Microsoft Office 365; Microsoft Power Platform; Microsoft Windows Server 2012; Mimecast; Mobile Friendly; MySQL; NetSuite; Newforma Konekt; Newforma Project Center; Outlook; PostgreSQL; PowerBI Tiles; Procore; Prometheus; Pulumi; React; React Native; Redshift; Remote; Route 53; SNS; Salesforce; Salesforce Live Agent; Salesforce Service Cloud; Semrush; ServiceNow Configuration Management Database; SharePoint; Sizmek (MediaMind); Slack; Snowflake; TUNE; Tableau; Terraform; Tor; VMware vCenter; VMware vSphere; Vector; Verizon WAF; WP Engine; Wistia; WordPress.org; Zopim; ebs,25100000,Merger / Acquisition,2023-04-01T00:00:00.000+00:00,5d340de580f93e7ec9b553b7,
Nomic,Silver Sponsor,Provides financial and operational intelligence tools specifically designed for AEC firm leaders to improve profitability.,Nomic,low,0.14,name:exact; class_mismatch: industry/keywords don't match description; desc_overlap:1,Nomic,nomic.com,http://www.nomic.com,http://www.linkedin.com/company/nomic,https://twitter.com/nomic,https://www.facebook.com/nomic.hq,information technology & services,11,920000.0,2010,Oakland,California,United States,+1 415-663-6733,"Nomic is a software company that specializes in an AI-native knowledge platform designed for the architecture, engineering, and construction (AEC) sectors. The platform transforms large volumes of unstructured documents, such as drawings and specifications, into structured, searchable data. This enables organizations to operationalize their knowledge effectively, enhancing productivity and information retrieval.

Nomic's core offering includes the Nomic Parse tool, which reads and indexes complex AEC data, ensuring high accuracy even with extensive documents. The platform integrates seamlessly with existing enterprise content systems like Autodesk and SharePoint, allowing users to access and query information without needing to migrate data. It supports both technical and non-technical users through conversational interfaces, making it easier for all stakeholders to engage with institutional knowledge.

By focusing on the unique challenges of AEC workflows, Nomic aims to save significant time for engineers and project teams, facilitating tasks such as RFP preparation, QA/QC reviews, and code compliance checks. The company positions itself as a vital resource for organizations looking to enhance their document management and knowledge access capabilities.","executive search; recruiting; hospitality; small & medium businesses; local; consumer internet; internet; information technology; technology, information & internet; staffing & recruiting; leisure, travel & tourism; consumers; information technology & services",CloudFlare Hosting; Cloudflare DNS; Gmail; Google Apps; Helpscout; Mailchimp Mandrill; Remote,,,,54a116d469702d3ec0f10b00,
OpenAsset,Platinum Sponsor,A project-based digital asset management (DAM) system built for the AEC industry to help marketing teams manage photos and create proposals.,OpenAsset,high,1.0,"name:exact; class_overlap:8 (aec,asset,dam,digital,management); desc_overlap:9",OpenAsset,openasset.com,http://www.openasset.com,http://www.linkedin.com/company/openasset,https://twitter.com/OpenAsset,https://facebook.com/OpenAsset/,information technology & services,84,4000000.0,2002,New York,New York,United States,+1 917-267-0416,"OpenAsset is a digital asset management (DAM) software company based in London, United Kingdom, founded in 2004. The company specializes in providing solutions for architecture, engineering, construction (AEC), and real estate firms. OpenAsset offers a cloud-based platform that centralizes digital assets such as images, videos, design files, and project documents in a searchable repository.

The platform enhances workflows for project-driven organizations by enabling faster content creation and improved collaboration. Key features include AI-powered search tools, customizable asset organization, and integrations with AEC-specific software like ERPs and CRMs. OpenAsset also supports employee management, content creation, and sharing, making it easier for firms to manage marketing and proposals. With a focus on increasing productivity and business growth, OpenAsset has achieved a 99% customer renewal rate, demonstrating its effectiveness in the AEC industry.",proposal management; software development; aec; dam; image management; digital asset management; ai; rfp; proposal; pursuit management; marketing; sales & marketing; construction; architecture; engineering firms; proposal content management; construction tech; content reuse and repurposing; customer retention; project collaboration tools; content sharing; workflow automation; manufacturing; collaborative content sharing; ai workflow automation,AI; AWS Analytics; AWS Bedrock; AWS SDK for JavaScript; Adobe InDesign; Amazon AWS; Amazon Linux 2; Amazon S3; Amazon SageMaker; Catalyst; ChatGPT; Circle; Claude; Databricks; Datadog; Deltek; DemandBase; Docker; Drift; Dropbox; Flow; Gemini; GitHub; GitHub Actions; GitHub Copilot; Gmail; Gong; Google Apps; Grafana; Intercom; Javascript; Jupyter; Kubernetes; LangGraph; MLflow; Marketo; Microsoft Dynamics; Mixpanel; Mode; OpenTelemetry; Procore; Python; Ramp; Remote; Route 53; Rust; Salesforce; Sendoso; Slack; Terraform; Unanet; Vector; Vertex AI; Vtiger for G Suite; WP Engine; Wordpress; Zendesk; ZoomInfo; ezFlow for Google Docs for G Suite; pandas,,Other,2023-01-01T00:00:00.000+00:00,5569d6e47369642565f5a000,
Quantum Reality Capture,Exhibitor,Specializes in 3D laser scanning and reality capture services to provide high-accuracy digital twins and as-built documentation.,Quantum Reality Capture,high,0.84,"name:exact; class_overlap:3 (built,digital,scanning); desc_overlap:6",Quantum Reality Capture,quantumrealitycapture.com,http://www.quantumrealitycapture.com,http://www.linkedin.com/company/quantum-reality-capture,,,architecture & planning,11,,2020,Charleston,South Carolina,United States,+1 843-478-7221,"Precision Reality Capture to Power Every Project. Quantum Reality Capture (QRC) delivers high-accuracy LiDAR, drone, and as-built reality capture services that turn real-world spaces into precise, actionable digital data for AEC and real estate professionals, enabling better planning, design, and decision-making.",bim; lidar; lidar scanning; accurate as-built models; construction progression photos; b2b; construction & real estate; lidar technology; scalable reference models; marketing photography; architectural as-builts; virtual tours; transportation & logistics; surveying and mapping (except geophysical) services; digital models; drone services; consulting; photogrammetry; services; 3d point cloud,AI; Android; Apache; Gmail; Google Apps; Google Font API; Google Tag Manager; Gravity Forms; IoT; Mobile Friendly; NSOne; Remote; Slack; WordPress.org; reCAPTCHA,,,,63cd8082602b5a0001e6a3c9,
Seev,Exhibitor,A technology platform focused on enhancing visibility and collaboration in the construction and design process.,Seev,medium,0.52,name:exact; class_overlap:1 (technology); desc_overlap:1,Seev,seev.ai,http://www.seev.ai,http://www.linkedin.com/company/seevai,,,information technology & services,6,,2024,Montreal,Quebec,Canada,,"Seev is a Montreal-based software company that specializes in AI-driven RFP (Request for Proposal) software for public contracts. The company helps businesses quickly identify relevant public RFPs and generate proposals in under 30 minutes. Founded with a small team, Seev focuses on streamlining the RFP process for proposal teams, particularly in government and public sector bidding.

Seev's core product is an AI-powered RFP platform that surfaces the most relevant public RFPs tailored to a user's business needs. It features a Webex bot that allows teams to analyze RFPs using natural language queries, switch projects, view details, and receive notifications for new opportunities. This platform is designed for proposal managers, bid teams, and sales professionals who handle government and private RFPs.",software development; tender management; cloud storage; risk management; ai-powered decision-making; integrations; proposal generation; crm integration; government; proposal automation; automation; public contracts; data analytics; resource matching; analytics; ai delegate; workflow automation; tender portal opportunities; project management; computer systems design and related services; b2b; content matching; email management; bi dashboards; business software,AI; Gmail; Google Apps; Google Font API; Google Tag Manager; Linkedin Marketing Solutions; Microsoft Office 365; Mobile Friendly; Varnish; WordPress.org,,,,65b147c705aad406e1be3266,
SigParser,Silver Sponsor,Automated email signature parsing and contact management tool that helps firms keep their CRM data updated without manual entry.,SigParser,high,1.0,"name:exact; class_overlap:7 (contact,crm,data,email,management); desc_overlap:5",SigParser,sigparser.com,http://www.sigparser.com,http://www.linkedin.com/company/sigparser,https://www.twitter.com/SigParser,,information technology & services,14,,2017,San Diego,California,United States,+1 989-333-4334,"SigParser is a Relationship Intelligence platform that connects to the tools you already use—like email and calendars—to automatically surface valuable insights about your business relationships. 

Using AI, SigParser builds complete, real-time profiles of the people and companies you engage with, helping you understand who knows who, how well, and what matters most.

Teams across industries use SigParser to reduce manual data entry, improve client visibility, and unlock the full value of their CRM with complete, current, and actionable relationship data.",software development; relationship data enrichment; contact enrichment; gdpr compliance; relationship metrics; professional services; historical data analysis; relationship tracking; real estate; data enrichment; email parsing; relationship network; api access; relationship monitoring; relationship scoring; relationship management; crm integration; manufacturing; lead generation; relationship data; venture capital & private equity; data cleansing; data security; relationship data export; data warehouse integration,AI; Amazon AWS; Amazon CloudFront; Amazon SES; Android; Circle; CloudFlare Hosting; Cloudflare DNS; GitHub Hosting; Gmail; Google Analytics; Google Apps; Google Font API; Google Tag Manager; Intercom; IoT; MailChimp SPF; Microsoft Office 365; Mobile Friendly; Rackspace MailGun; Remote; Route 53; Sendgrid; Slack; Stripe; Vimeo,,,,5b15f315a6da986956c8f479,
/slantis,Silver Sponsor,A BIM consultancy and technology firm helping AEC companies implement digital transformation and complex BIM workflows.,/slantis,medium,0.44,name:partial ('slantis' vs '/slantis'); class_overlap:1 (bim); desc_overlap:4,slantis,slantis.com,http://www.slantis.com,http://www.linkedin.com/company/slantis,,,architecture & planning,130,,2015,San Francisco,California,United States,+1 800-644-6080,"Slantis is a women-owned architecture and technology firm based in the United States, founded in 2016 by licensed architects Andy Robert and Mercedes Carriquiry. The company specializes in Building Information Modeling (BIM) production and consulting services for the architecture, engineering, and construction (AEC) industry. With a team of 51-200 employees, Slantis supports a diverse range of clients, including large architecture firms, construction companies, and niche practitioners.

The firm offers two main service categories: Architecture Production & Coordination and BIM Consulting. Their architecture services include BIM production through cloud-based technology, covering As-builts, Design Development, and Construction Documents. In BIM Consulting, Slantis provides customized support for BIM adoption, including training and workflow automation. The company is known for its technical expertise in tools like Revit and Dynamo, and it conducts focused projects to test design solutions in real architectural conditions. Slantis fosters a culture of Justice, Equity, Diversity, and Inclusion, with a significant representation of women in leadership roles.",architecture amp design; san francisco; architecture design; bim solutions; visualization; design development; bim; architecture; architectural outsoucing; architecture production; python; dynamo; construction documents; interior design; building information modeling; landscape amp planning; bim coordination; us; 3d rendering; revit; interior design furniture design; landscape planning; interior design amp furniture design; bim bep; bim workflow,Adobe Media Optimizer; Amazon AWS; Autodesk BIM Collaborate; Cedexis Radar; Gmail; Google Apps; Google Tag Manager; Hubspot; Mapbox; Microsoft Office 365; Mobile Friendly; Revit; Slack; Vimeo,,,,57c50684a6da986ad697fc4d,
slashBlue,Gold Sponsor,An IT consulting and managed services firm that helps AEC firms modernize their technology stacks and secure their digital environments.,slashBlue,high,0.92,"name:exact; class_overlap:4 (consulting,digital,managed,technology); desc_overlap:5",slashBlue,slashblue.com,http://www.slashblue.com,http://www.linkedin.com/company/slashblue,https://twitter.com/slashBlueIT,https://facebook.com/slashBlueIT,information technology & services,16,29246000.0,2003,Arden Hills,Minnesota,United States,+1 651-846-6896,"slashBlue is an IT services and consulting company founded in 2003 and based in Arden Hills, Minnesota. The company specializes in purpose-driven technology solutions that enhance business performance and support digital transformation. With a team of 11-50 employees, slashBlue focuses on aligning organizational purpose with tailored IT tools, particularly for engineering firms in the Twin Cities area.

The company offers a range of services, including managed IT services, cybersecurity, IT advisory and consulting, and organizational performance consulting. These services are designed to help businesses optimize their IT processes, ensure security, and make informed technology decisions. Celebrating its 22nd anniversary in April 2025, slashBlue emphasizes its commitment to client trust and robust cybersecurity in delivering effective technology solutions.",manage services; purpose management; organizational performance; technology consulting; technology strategy; cybersecurity; managed services; it support; digital transformation; vendor risk assessment; data protection; security operations center; vendor risk management; industry-specific applications; threat intelligence; purpose-powered technology; growth through cybersecurity; managed it; b2b; regulatory compliance; penetration testing; consulting; cybersecurity as revenue driver; proactive cybersecurity; it optimization,AI; ANGEL LMS; AWS VPN; Autotask; Barracuda Spam Firewall; Blueprint; Campaign Monitor; Cisco WebEx Teams; Claude; CloudFlare Hosting; Cloudflare DNS; DNS Made Easy; ExtremeSwitching; Google Cloud Hosting; Google Font API; Google Tag Manager; Google Workspace; LinkedIn Ads; Mailchimp Mandrill; Micro; Microsoft Azure; Microsoft Office 365; Microsoft Teams Rooms; Mimecast; Mobile Friendly; NSOne; Outlook; QuickBooks; Rackspace MailGun; Remote; Sequence Monitor SPF; Slack; Swapcard; VLAN; YouTube,,,,54a1286969702d9b8bae1901,
STEPS Consulting Group,Exhibitor,"Provides strategic consulting services for AEC firms, focusing on leadership development, operations, and firm growth.",STEPS Consulting Group,high,0.88,"name:exact; class_overlap:4 (consulting,development,leadership,strategic); desc_overlap:4",STEPS Consulting Group,stepsconsulting.com,http://www.stepsconsulting.com,http://www.linkedin.com/company/stepsconsulting,,,management consulting,14,,2023,Overland Park,Kansas,United States,+1 913-347-8377,"STEPS Consulting Group, LLC is a professional services firm based in Kansas, specializing in AI, machine learning, consulting, and data analytics. With a small team, the company focuses on delivering automation, analytical, and human augmentation solutions tailored for enterprise applications. 

The firm offers full-lifecycle AI services, providing strategic guidance and support for organizations at any stage of their AI journey. Their core services include automation solutions, analytical capabilities, and human augmentation technologies. STEPS integrates strategic, operational, and technical expertise to enhance business performance and drive long-term organizational transformation. They work with a diverse range of clients, including large enterprises and high-growth businesses, to address their unique challenges and opportunities.",artificial intelligence; process automation; data expertise; business consulting & services; generative ai; top industry clients; business intelligence; technology consulting; data harnessing; operational efficiencies; consulting; emerging technology; management consulting; b2b; strategic insights; data analytics; government; ai for competitive advantage; technology leadership; digital strategy; digital transformation; business transformation; enterprise applications; complex integrations; business-ready automation,AI; Android; Circle; Cloudflare DNS; Microsoft Office 365; Mobile Friendly; Outlook; Slack; Squarespace ECommerce; Typekit,,,,65bae92e9fedd80300263242,
Structured AI,Exhibitor,Develops AI solutions for the structural engineering industry to automate design tasks and improve structural analysis efficiency.,Structured AI,low,0.22,name:exact; class_mismatch: industry/keywords don't match description; desc_overlap:3,Structured AI,getstructured.ai,http://www.getstructured.ai,http://www.linkedin.com/company/getstructured-ai,,,information technology & services,7,,,New York,New York,United States,,"Structured AI is a UK-based startup focused on developing an AI workforce for construction design engineering. The company specializes in AI agents that automate quality control on technical documents and drawings within the Architecture, Engineering, and Construction (AEC) industry. Founded by AI researchers from Oxford University, Structured AI aims to address costly errors in construction design, such as clashes and code violations, which can lead to delays and increased costs.

The core offering is an AI-powered quality assurance platform that automates repetitive design engineering workflows. Key features include automated drawing reviews that identify inconsistencies and code issues, AI agents that learn company standards, and integration with CAD and BIM tools. The platform enhances collaboration and streamlines technical paperwork management, making it easier for engineers to focus on high-value tasks. Structured AI is backed by seed funding and has garnered trust from leading AEC firms, including Syska Hennessy Group.",software development; information technology & services,AT&T; Azure Analysis Services; Gmail; Google Apps; Javascript; Microsoft Office 365; Mobile Friendly; Python; Svelte; TypeScript,480000,Seed,2025-07-01T00:00:00.000+00:00,687f4e94d06f9e002128a55e,
TrebleHook,Exhibitor,A CRM and project pursuit platform built on Salesforce specifically for the AEC industry to manage the business development lifecycle.,TrebleHook,high,1.0,"name:exact; class_overlap:8 (aec,business,crm,development,lifecycle); desc_overlap:7",TrebleHook,treblehook.com,http://www.treblehook.com,http://www.linkedin.com/company/treblehook,,,information technology & services,16,,2021,Greenville,South Carolina,United States,,"TrebleHook is a CRM and project pursuit platform designed specifically for Architecture, Engineering, and Construction (AEC) firms. Launched in 2021 by TPM, a technology company with a long history in the AEC industry, TrebleHook enhances project lifecycles from pursuit to completion. It integrates with Salesforce to provide a centralized source of client and project data, replacing outdated tools like Excel and Outlook.

The platform offers features for project lifecycle management, relationship management, and customization to fit AEC workflows. It helps users identify profitable projects, supports decision-making with dashboards and reporting, and enhances collaboration among teams. TrebleHook is designed to improve efficiency, profitability, and compliance monitoring, making it a valuable tool for AEC professionals.

Headquartered in Greenville, South Carolina, TrebleHook operates with a small team and has been recognized as one of the most exciting startups in the area. Its pricing is tailored to meet the needs of AEC firms, making it accessible for various users in the industry.",architecture crm; thirdpart system integration; engineering crm; scalable & flexible crm solution; aec crm; client communication tools; workflow automation; project data centralization; data insights & analytics; construction crm; software development; pursuit management; salesforce integration; prospect management; crm for engineering; data synchronization; project pursuit workflows; project tracking; pipeline management; engineering; services; salesforce platform; project pursuit software; bid management; client relationship management,AI; Active Campaign; DoubleClick; DoubleClick Conversion; Facebook Custom Audiences; Facebook Login (Connect); Facebook Widget; Google Cloud Hosting; Google Dynamic Remarketing; Google Font API; Google Tag Manager; Hotjar; Linkedin Marketing Solutions; Microsoft Office 365; Mobile Friendly; Nginx; Olark; Outlook; Pardot; Remote; Salesforce; Slack; WP Engine; WordPress.org,,,,60b21031d7957c000181b311,
UpCodes,Silver Sponsor,A searchable platform for building codes that integrates with BIM software to help AEC professionals ensure code compliance in real-time.,UpCodes,high,0.68,name:exact; class_overlap:1 (compliance); desc_overlap:7,UpCodes,up.codes,http://www.up.codes,http://www.linkedin.com/company/upcodes,https://twitter.com/upcodes,https://www.facebook.com/upcodes/,information technology & services,46,2000000.0,2016,Austin,Texas,United States,,"UpCodes is a technology company focused on improving the architecture, engineering, and construction (AEC) industry through digital tools and an online library. It provides streamlined access to building codes, assemblies, and product research, helping teams simplify compliance and reduce inefficiencies. By addressing the complexities and costs associated with compliance errors, UpCodes enables professionals to build more affordably and efficiently.

The company offers an online library that serves as a centralized resource for codes and product information, along with compliance and project management tools that automate processes throughout the project lifecycle. These solutions help AEC teams save time, cut costs, and enhance productivity. UpCodes aims to bridge the gap between technology and traditional regulatory processes, making daily tasks easier for professionals in the industry.",architecture; compliance; engineering; construction,AI; Amazon AWS; Amplitude; Android; Chargebee; Circle; Freshdesk; Gmail; Google Analytics; Google Apps; Google Workspace; Hubspot; IoT; Leadfeeder; React Native; Remote; Route 53; Webflow,7770000,Series A,2024-08-01T00:00:00.000+00:00,57c4b8bfa6da983672b7f4b8,
Unanet,Exhibitor,"Provides project-based ERP and CRM solutions designed specifically for AEC firms to manage projects, people, and financials in one place.",Unanet,high,1.0,"name:exact; class_overlap:5 (aec,crm,erp,financials,project); desc_overlap:7",Unanet,unanet.com,http://www.unanet.com,http://www.linkedin.com/company/unanet-technologies,https://twitter.com/unanettech,https://www.facebook.com/pages/category/Software-Company/Unanet-99998461372/,information technology & services,330,50000000.0,1988,,,,+1 855-321-0034,"Unanet is a provider of AI-first ERP and CRM software solutions designed for project-based businesses, including government contractors, architecture, engineering, and construction firms, as well as professional services organizations. Founded in 1988 and headquartered in Dulles, Virginia, Unanet emphasizes a people-first culture and offers an integrated platform that combines financials, projects, and customer relationships with automation and real-time insights.

The platform features user-friendly ERP and CRM solutions tailored for project lifecycle management, including tools for timesheets, project accounting, and resource planning. Unanet's cloud-based system supports over 4,000 customers, helping them turn data into actionable insights. The company is committed to customer success and innovation, with a focus on empowering teams and simplifying operations. Under the leadership of CEO Craig Halliday, Unanet continues to grow and adapt to the needs of its clients.",project management software; unanet; budgeting & planning; financials; dcaa compliance; engineering; resource planning; projectbased erp; project accounting software; timesheets; project billing & revenue recognition; projectmanagementsoftware; governmentcontracting; expense reporting; dcaa; projectaccountingsoftware; projectbasederp; software development; project management; workflow automation; event management; customizable dashboards; industry-specific workflows; industry-specific dashboards; customer support,.NET; AI; AWS Analytics; AWS GovCloud; AWS Network Firewall; AWS SDK for JavaScript; AWS Secrets Manager; Acumatica; Amadesa; Amazon CloudWatch; Amazon EC2; Amazon EKS Anywhere; Amazon SES; Amplitude; Android; Apache Tomcat; Atlassian Cloud; Atlassian Confluence; Azure Key Vault; Barracuda Networks; Bing Ads; Bootstrap Framework; CallMiner Eureka; Chartbeat; Confluence; Conversant; DemandBase; DoubleClick; DoubleClick Conversion; DoubleClick Floodlight; Drift; Drupal; Facebook Custom Audiences; Facebook Login (Connect); Facebook Widget; Freshdesk; Fusioncharts JS Library; GitLab; Gmail; Google AdWords Conversion; Google Analytics 4 (GA4); Google Apps; Google Cloud APIs; Google Dynamic Remarketing; Google Firebase Crashlytics; Google Font API; Google Tag Manager; Grafana; Grafana Loki; Greenhouse.io; HELM; Hubspot; Jira; Kubernetes; LinkedIn Learning; Linkedin Login; Linkedin Marketing Solutions; Linkedin Widget; LiveRamp; MailChimp SPF; Mailchimp Mandrill; Microsoft Azure Hosting; Microsoft Excel; Microsoft Office 365; Mobile Friendly; MouseFlow; Nevron Vision for SSRS; ON24; Oracle Fusion Middleware; Outlook; Paylocity; Pingdom; PowerBI Tiles; Prometheus; Python; QuickBooks; REST; React; React Redux; Remote; Route 53; SQL; Salesforce; Sendgrid; Sendoso; SharePoint; Shutterstock; Sigma; Sizmek (MediaMind); Slack; Terraform; Typekit; Unanet; VictoriaMetrics; WordPress.org; monday CRM,49120000,Merger / Acquisition,2025-02-01T00:00:00.000+00:00,5ed75d606e3b0800010c21be,
Vavetek AI,Exhibitor,An AI-driven platform focusing on enhancing design workflows and decision-making processes for architects and engineers.,Vavetek AI,medium,0.56,name:exact; class_overlap:1 (driven); desc_overlap:2,Vavetek AI,vavetek.ai,http://www.vavetek.ai,http://www.linkedin.com/company/vavetekai,,,information technology & services,12,,,Singapore,,Singapore,+91 11470 18293,"Vavetek AI is a Singapore-based SaaS startup founded in 2023, specializing in AI and machine learning solutions for the Architecture, Engineering, and Construction (AEC) industry. The company focuses on optimizing large-scale construction projects by reducing costs, automating processes, and enhancing efficiency. Vavetek AI's headquarters is located at High Street Plaza in Singapore.

The company's flagship product, BAMROC, is an AI-powered copilot designed to automatically detect and resolve clashes in Building Information Modeling (BIM) models, particularly for Mechanical, Electrical, and Plumbing (MEP) systems. BAMROC can resolve up to 94% of clashes in large projects and offers features like rebar congestion detection and 3D modeling automation. Vavetek AI also provides a range of services that include BIM coordination, energy optimization, and workflow automation, all aimed at improving project efficiency and sustainability.","technology, information & internet; automated conflict resolution; automated reporting; project collaboration; ai-based clash prediction; ai bim clash visualization; software as a service; cost reduction; energy efficiency; machine learning; architectural design; building lifecycle management; construction process automation; project management; energy optimization; construction & real estate; ai for structural clash detection; automated bim clash removal; automated mep clash resolution; engineering services; ai bim copilot; ai for construction design; b2b; model optimization; ai clash detection saas",AI; Gmail; GoDaddy Hosting; Google Ads; Google Apps; Google Font API; Google Tag Manager; LinkedIn Ads; Linkedin Marketing Solutions; Mobile Friendly; Twitter Advertising; Varnish; Vimeo; WordPress.org; YouTube,,,,65b07c90f4afc60454ee3185,
Visual Workforce,Silver Sponsor,A skills management and workforce planning platform that helps firms visualize their employees' capabilities for better project staffing.,Visual Workforce,high,0.92,"name:exact; class_overlap:4 (management,planning,skills,workforce); desc_overlap:6",Visual Workforce,visualworkforce.com,http://www.visualworkforce.com,http://www.linkedin.com/company/visualworkforce,https://twitter.com/visualworkforce,,information technology & services,6,,2017,Richmond,Virginia,United States,+1 540-577-3510,"Visual Workforce is a software development company based in Richmond, Virginia, founded in 2017. With a small team, the company specializes in skills management, talent intelligence, and workforce planning platforms. It evolved from an internal tool of an IT staffing and recruiting firm into a comprehensive skills intelligence platform that helps organizations make data-driven decisions about their talent.

The core offering is a talent management solution that includes skills tracking, an AI-powered skills engine, and workforce visualizations. These features allow organizations to capture employee skills, identify gaps, and support strategic planning. The platform emphasizes user-friendly visualizations, enabling rapid insights for professional services and IT sectors. Visual Workforce aims to enhance internal mobility, succession planning, and team building while optimizing talent management processes.",succession planning; internal mobility; skills based organization; skills management; skills intelligence; skills tracking; talent intelligence; skills framework; skills matrix; job architecture; workforce planning; software development; skills proficiency matrix; talent strategy; information technology & services; skills intelligence platform; services; talent management; business intelligence; hris integration; career pathing; skills gaps analysis; skills-based organization; skills taxonomy; employee skills tracking,Amazon AWS; Cloudflare DNS; DoubleClick; DoubleClick Conversion; Google Dynamic Remarketing; Google Font API; Google Tag Manager; Hubspot; LeadForensics; Linkedin Marketing Solutions; Microsoft Office 365; Mobile Friendly; Remote; Sendgrid; Slack; Squarespace ECommerce; Typekit; Vimeo; YouTube,2575000,Other,2023-10-01T00:00:00.000+00:00,5b847068324d445a3ee38f79,
WPM Technology,Silver Sponsor,Specializes in customized software solutions and technology consulting to improve project delivery and operational efficiency in AEC.,WPM Technology,high,0.84,"name:exact; class_overlap:4 (aec,consulting,project,technology); desc_overlap:3",WPM Technology,wpmtechnology.com,http://www.wpmtechnology.com,http://www.linkedin.com/company/walter-p-moore-technology,,,information technology & services,8,,2017,Houston,Texas,United States,+1 303-893-0552,"WPM Technology is a full-service IT firm based in Houston, Texas, and a division of Walter P Moore, established in 2017. The company specializes in providing technology solutions tailored for the Architecture, Engineering, and Construction (AEC) industry. With a team of 11-50 employees, WPM Technology leverages over 25 years of IT experience to serve as a trusted advisor for AEC firms and related markets.

The company offers a range of services, including IT managed services, IT consulting and advisory, cybersecurity measures, custom software development, and advanced visualization tools. WPM Technology focuses on delivering reliable and resilient technology solutions that align with business growth objectives. Their expertise in navigating IT complexities and preparing organizations for cyber incidents positions them as a dedicated partner in the AEC sector.",security risk assessments; cloud based services; advisory services; managed it services; it support; msp; cyber security services; data backup; ransomware protection; technology & information; managed it; aec; it managed services; strategic it advisory; virtual reality; it security; disaster recovery; it consulting; data intelligence; advisory; vr ar xr; it services for aec industry; cybersecurity; it services & it consulting; consulting,Apache; GoDaddy Hosting; Google Analytics; Google Font API; Google Tag Manager; Hotjar; Hubspot; Mimecast; Mobile Friendly; Outlook; Vimeo; WordPress.org,,,,5f458ccdf535eb0001a07742,
